ASSESSMENT_START_TIME;FINDING_UNIQUE_ID;PROVIDER;CHECK_ID;CHECK_TITLE;CHECK_TYPE;STATUS;STATUS_EXTENDED;SERVICE_NAME;SUBSERVICE_NAME;SEVERITY;RESOURCE_TYPE;RESOURCE_DETAILS;RESOURCE_TAGS;DESCRIPTION;RISK;RELATED_URL;REMEDIATION_RECOMMENDATION_TEXT;REMEDIATION_RECOMMENDATION_URL;REMEDIATION_RECOMMENDATION_CODE_NATIVEIAC;REMEDIATION_RECOMMENDATION_CODE_TERRAFORM;REMEDIATION_RECOMMENDATION_CODE_CLI;REMEDIATION_RECOMMENDATION_CODE_OTHER;COMPLIANCE;CATEGORIES;DEPENDS_ON;RELATED_TO;NOTES;PROFILE;ACCOUNT_ID;ACCOUNT_NAME;ACCOUNT_EMAIL;ACCOUNT_ARN;ACCOUNT_ORG;ACCOUNT_TAGS;REGION;RESOURCE_ID;RESOURCE_ARN
2025-09-24T16:24:05.752789;prowler-aws-ec2_ebs_default_encryption-850960379897-ap-southeast-1-850960379897;aws;ec2_ebs_default_encryption;Check if EBS Default Encryption is activated.;Data Protection;FAIL;EBS Default Encryption is not activated.;ec2;ebs;medium;Other;;;Check if EBS Default Encryption is activated.;If not enabled sensitive information at rest is not protected.;;Enable Encryption. Use a CMK where possible. It will provide additional management and privacy benefits.;https://aws.amazon.com/premiumsupport/knowledge-center/ebs-automatic-encryption/;;https://docs.bridgecrew.io/docs/ensure-ebs-default-encryption-is-enabled#terraform;aws ec2 enable-ebs-encryption-by-default;https://docs.bridgecrew.io/docs/ensure-ebs-default-encryption-is-enabled#aws-console;CISA: your-systems-3, your-data-1 | MITRE-ATTACK: T1119 | AWS-Foundational-Security-Best-Practices: ec2 | HIPAA: 164_308_a_1_ii_b, 164_308_a_4_ii_a, 164_312_a_2_iv, 164_312_e_2_ii | GxP-21-CFR-Part-11: 11.10-g, 11.30 | AWS-Well-Architected-Framework-Security-Pillar: SEC08-BP02 | GxP-EU-Annex-11: 7.1-data-storage-damage-protection | NIST-800-53-Revision-4: sc_28 | NIST-800-53-Revision-5: au_9_3, cm_6_a, cm_9_b, cp_9_d, sc_8_3, sc_8_4, sc_13_a, sc_28_1, si_19_4 | AWS-Audit-Manager-Control-Tower-Guardrails: 1.0.3 | FFIEC: d3-pc-am-b-12;encryption;;;;;850960379897;;;;;;ap-southeast-1;850960379897;arn:aws:iam::850960379897:root
2025-09-24T16:24:05.752789;prowler-aws-ec2_ebs_volume_encryption-850960379897-ap-southeast-1-vol-0315a657b59b02937;aws;ec2_ebs_volume_encryption;Ensure there are no EBS Volumes unencrypted.;Data Protection;FAIL;EBS Snapshot vol-0315a657b59b02937 is unencrypted.;ec2;volume;medium;AwsEc2Volume;;;Ensure there are no EBS Volumes unencrypted.;Data encryption at rest prevents data visibility in the event of its unauthorized access or theft.;;"Encrypt all EBS volumes and Enable Encryption by default You can configure your AWS account to enforce the encryption of the new EBS volumes and snapshot copies that you create. For example; Amazon EBS encrypts the EBS volumes created when you launch an instance and the snapshots that you copy from an unencrypted snapshot.";https://docs.aws.amazon.com/AWSEC2/latest/UserGuide/EBSEncryption.html;;;;;CISA: your-systems-3, your-data-1, your-data-2 | CIS-1.4: 2.2.1 | CIS-1.5: 2.2.1 | MITRE-ATTACK: T1119 | GDPR: article_32 | AWS-Foundational-Security-Best-Practices: ec2 | HIPAA: 164_308_a_1_ii_b, 164_308_a_4_ii_a, 164_312_a_2_iv, 164_312_c_1, 164_312_c_2, 164_312_e_2_ii | CIS-2.0: 2.2.1 | GxP-21-CFR-Part-11: 11.10-g, 11.30 | AWS-Well-Architected-Framework-Security-Pillar: SEC08-BP02 | GxP-EU-Annex-11: 7.1-data-storage-damage-protection | NIST-800-171-Revision-2: 3_5_10, 3_13_11, 3_13_16 | NIST-800-53-Revision-4: sc_28 | NIST-800-53-Revision-5: au_9_3, cm_6_a, cm_9_b, cp_9_d, sc_8_3, sc_8_4, sc_13_a, sc_28_1, si_19_4 | ENS-RD2022: mp.si.2.aws.kms.1 | NIST-CSF-1.1: ds_1 | RBI-Cyber-Security-Framework: annex_i_1_3 | FFIEC: d3-pc-am-b-12 | FedRamp-Moderate-Revision-4: sc-28;encryption;;;;;850960379897;;;;;;ap-southeast-1;vol-0315a657b59b02937;arn:aws:ec2:ap-southeast-1:850960379897:volume/vol-0315a657b59b02937
2025-09-24T16:24:05.752789;prowler-aws-ec2_ebs_volume_snapshots_exists-850960379897-ap-southeast-1-vol-0315a657b59b02937;aws;ec2_ebs_volume_snapshots_exists;Check if EBS snapshots exists.;Data Protection;FAIL;Snapshots not found for the EBS volume vol-0315a657b59b02937.;ec2;snapshot;medium;AwsEc2Snapshot;;;Check if EBS snapshots exists.;Ensure that your EBS volumes (available or in-use) have recent snapshots (taken weekly) available for point-in-time recovery for a better, more reliable data backup strategy.;https://docs.aws.amazon.com/AWSEC2/latest/UserGuide/EBSSnapshots.html;Creating point-in-time EBS snapshots periodically will allow you to handle efficiently your data recovery process in the event of a failure, to save your data before shutting down an EC2 instance, to back up data for geographical expansion and to maintain your disaster recovery stack up to date.;https://docs.aws.amazon.com/AWSEC2/latest/UserGuide/EBSSnapshots.html;;;aws ec2 --region <REGION> create-snapshot --volume-id <VOLUME-ID>;https://www.trendmicro.com/cloudoneconformity-staging/knowledge-base/aws/EBS/ebs-volumes-recent-snapshots.html;;forensics-ready;;;;;850960379897;;;;;;ap-southeast-1;vol-0315a657b59b02937;arn:aws:ec2:ap-southeast-1:850960379897:volume/vol-0315a657b59b02937
2025-09-24T16:24:05.752789;prowler-aws-ec2_elastic_ip_unassigned-850960379897-ap-southeast-1-3.0.204.89;aws;ec2_elastic_ip_unassigned;Check if there is any unassigned Elastic IP.;Infrastructure Security;PASS;Elastic IP 3.0.204.89 is associated with an instance or network interface.;ec2;;low;AwsEc2Eip;;Name=Elastic IP Main | Project=Network Hardened | Environment=Development;Check if there is any unassigned Elastic IP.;Unassigned Elastic IPs may result in extra cost.;;Ensure Elastic IPs are not unassigned.;https://docs.aws.amazon.com/AWSEC2/latest/UserGuide/elastic-ip-addresses-eip.html;https://docs.bridgecrew.io/docs/general_19#cloudformation;https://docs.bridgecrew.io/docs/general_19#terraform;aws ec2 release-address --public-ip <theIPyoudontneed>;https://docs.bridgecrew.io/docs/general_19#ec2-console;CISA: your-systems-1, your_-urroundings-1 | AWS-Well-Architected-Framework-Security-Pillar: SEC03-BP06 | NIST-800-171-Revision-2: 3_4_1 | NIST-CSF-1.1: ds_3 | FFIEC: d1-g-it-b-1 | PCI-3.2.1: ec2;;;;;;850960379897;;;;;;ap-southeast-1;3.0.204.89;arn:aws:ec2:ap-southeast-1:850960379897:eip-allocation/eipalloc-07f5b06b3ebf01700
2025-09-24T16:24:05.752789;prowler-aws-ec2_instance_detailed_monitoring_enabled-850960379897-ap-southeast-1-i-00a3ae5c672f62596;aws;ec2_instance_detailed_monitoring_enabled;Check if EC2 instances have detailed monitoring enabled.;Infrastructure Security;FAIL;EC2 Instance i-00a3ae5c672f62596 does not have detailed monitoring enabled.;ec2;;low;AwsEc2Instance;;Project=Network Hardened | Name=Tiny EC2 Instance Main | Environment=Development;Check if EC2 instances have detailed monitoring enabled.;Enabling detailed monitoring provides enhanced monitoring and granular insights into EC2 instance metrics. Not having detailed monitoring enabled may limit the ability to troubleshoot performance issues effectively.;https://docs.aws.amazon.com/AWSEC2/latest/UserGuide/using-cloudwatch-new.html;Enable detailed monitoring for EC2 instances to gain better insights into performance metrics.;https://docs.aws.amazon.com/AWSEC2/latest/UserGuide/using-cloudwatch-new.html#enable-detailed-monitoring-instance;https://www.trendmicro.com/cloudoneconformity/knowledge-base/aws/EC2/instance-detailed-monitoring.html;https://docs.bridgecrew.io/docs/ensure-that-detailed-monitoring-is-enabled-for-ec2-instances#terraform;https://www.trendmicro.com/cloudoneconformity/knowledge-base/aws/EC2/instance-detailed-monitoring.html;https://docs.aws.amazon.com/AWSEC2/latest/UserGuide/using-cloudwatch-new.html#enable-detailed-monitoring-instance;;;;;;;850960379897;;;;;;ap-southeast-1;i-00a3ae5c672f62596;arn:aws:ec2:ap-southeast-1:850960379897:instance/i-00a3ae5c672f62596
2025-09-24T16:24:05.752789;prowler-aws-ec2_instance_imdsv2_enabled-850960379897-ap-southeast-1-i-00a3ae5c672f62596;aws;ec2_instance_imdsv2_enabled;Check if EC2 Instance Metadata Service Version 2 (IMDSv2) is Enabled and Required.;Infrastructure Security;PASS;EC2 Instance i-00a3ae5c672f62596 has IMDSv2 enabled and required.;ec2;;medium;AwsEc2Instance;;Project=Network Hardened | Name=Tiny EC2 Instance Main | Environment=Development;Check if EC2 Instance Metadata Service Version 2 (IMDSv2) is Enabled and Required.;Using IMDSv2 will protect from misconfiguration and SSRF vulnerabilities. IMDSv1 will not.;;If you don't need IMDS you can turn it off. Using aws-cli you can force the instance to use only IMDSv2.;https://docs.aws.amazon.com/AWSEC2/latest/UserGuide/configuring-instance-metadata-service.html#configuring-instance-metadata-options;https://docs.bridgecrew.io/docs/bc_aws_general_31#cloudformation;https://docs.bridgecrew.io/docs/bc_aws_general_31#terraform;aws ec2 modify-instance-metadata-options --instance-id <instance-id> --http-tokens required --http-endpoint enabled;https://www.trendmicro.com/cloudoneconformity/knowledge-base/aws/EC2/require-imds-v2.html;SOC2: cc_7_2 | MITRE-ATTACK: T1552 | AWS-Foundational-Security-Best-Practices: ec2 | CIS-2.0: 5.6 | GxP-21-CFR-Part-11: 11.10-d, 11.10-g | AWS-Well-Architected-Framework-Security-Pillar: SEC03-BP01, SEC06-BP01 | NIST-800-171-Revision-2: 3_12_4 | NIST-800-53-Revision-4: ac_6, ca_7, si_4_2, si_4 | NIST-800-53-Revision-5: ac_2_6, ac_3, ac_3_3, ac_3_3_a, ac_3_3_b_1, ac_3_3_b_2, ac_3_3_b_3, ac_3_3_b_4, ac_3_3_b_5, ac_3_3_c, ac_3_4, ac_3_4_a, ac_3_4_b, ac_3_4_c, ac_3_4_d, ac_3_4_e, ac_3_7, ac_3_8, ac_3_12_a, ac_3_13, ac_3_15_a, ac_3_15_b, ac_4_28, ac_6, ac_24, cm_5_1_a, mp_2, sc_23_3 | NIST-CSF-1.1: cm_2, cm_5, cp_4, cp_5, ra_5, sc_4 | FedRamp-Moderate-Revision-4: ac-3, ac-6, ca-7-a-b, si-4-2, si-4-4, si-4-5, si-4-a-b-c | FedRAMP-Low-Revision-4: ac-3, ca-7;;;;;;850960379897;;;;;;ap-southeast-1;i-00a3ae5c672f62596;arn:aws:ec2:ap-southeast-1:850960379897:instance/i-00a3ae5c672f62596
2025-09-24T16:24:05.752789;prowler-aws-ec2_instance_internet_facing_with_instance_profile-850960379897-ap-southeast-1-i-00a3ae5c672f62596;aws;ec2_instance_internet_facing_with_instance_profile;Check for internet facing EC2 instances with Instance Profiles attached.;Infrastructure Security;FAIL;EC2 Instance i-00a3ae5c672f62596 at IP 3.0.204.89 is internet-facing with Instance Profile arn:aws:iam::850960379897:instance-profile/ec2-ssm-instance-profile.;ec2;;medium;AwsEc2Instance;;Project=Network Hardened | Name=Tiny EC2 Instance Main | Environment=Development;Check for internet facing EC2 instances with Instance Profiles attached.;Exposing an EC2 directly to internet increases the attack surface and therefore the risk of compromise.;;Use an ALB and apply WAF ACL.;https://aws.amazon.com/blogs/aws/aws-web-application-firewall-waf-for-application-load-balancers/;;;;;AWS-Well-Architected-Framework-Security-Pillar: SEC06-BP01 | ENS-RD2022: mp.com.4.aws.vpc.2;internet-exposed;;;;;850960379897;;;;;;ap-southeast-1;i-00a3ae5c672f62596;arn:aws:ec2:ap-southeast-1:850960379897:instance/i-00a3ae5c672f62596
2025-09-24T16:24:05.752789;prowler-aws-ec2_instance_managed_by_ssm-850960379897-ap-southeast-1-i-00a3ae5c672f62596;aws;ec2_instance_managed_by_ssm;Check if EC2 instances are managed by Systems Manager.;Infrastructure Security;PASS;EC2 Instance i-00a3ae5c672f62596 is managed by Systems Manager.;ec2;instance;medium;AwsEc2Instance;;Project=Network Hardened | Name=Tiny EC2 Instance Main | Environment=Development;Check if EC2 instances are managed by Systems Manager.;AWS Config provides AWS Managed Rules, which are predefined, customizable rules that AWS Config uses to evaluate whether your AWS resource configurations comply with common best practices.;;Verify and apply Systems Manager Prerequisites.;https://docs.aws.amazon.com/systems-manager/latest/userguide/managed_instances.html;;;;https://www.trendmicro.com/cloudoneconformity/knowledge-base/aws/SSM/ssm-managed-instances.html;CISA: your-systems-1 | SOC2: cc_3_2, cc_7_1 | AWS-Foundational-Security-Best-Practices: ssm | HIPAA: 164_308_a_5_ii_b | GxP-21-CFR-Part-11: 11.10-a, 11.10-h | AWS-Well-Architected-Framework-Security-Pillar: SEC01-BP06, SEC06-BP04, SEC06-BP05 | NIST-800-171-Revision-2: 3_4_1, 3_4_2, 3_4_6, 3_4_9, 3_14_2 | NIST-800-53-Revision-4: cm_2, cm_7, cm_8_1, cm_8_3, sa_3, sa_10, si_2_2, si_7_1 | NIST-800-53-Revision-5: cm_2_a, cm_2_b, cm_2_b_1, cm_2_b_2, cm_2_b_3, cm_2_2, cm_3_3, cm_6, cm_8_1, cm_8_2, cm_8_3_a, cm_8_6, cm_8_a, cm_8_a_1, cm_8_a_2, cm_8_a_3, cm_8_a_4, cm_8_a_5, cm_8_b, si_3_c_2 | ENS-RD2022: op.acc.4.aws.iam.6, op.acc.4.aws.sys.1, op.exp.1.aws.sys.1, op.exp.4.aws.sys.2, op.exp.4.r2.aws.sys.1, op.exp.9.aws.img.1 | NIST-CSF-1.1: am_1, am_2, ds_3, ds_7, ds_8, ip_1, ip_2, ip_12 | RBI-Cyber-Security-Framework: annex_i_1_1 | FFIEC: d1-g-it-b-1, d3-pc-im-b-5 | PCI-3.2.1: ssm | FedRamp-Moderate-Revision-4: cm-2, cm-7-a, cm-8-1, cm-8-3-a, sa-3-a, sa-10, si-2-2, si-7-1 | FedRAMP-Low-Revision-4: cm-8, sa-3;;;;;;850960379897;;;;;;ap-southeast-1;i-00a3ae5c672f62596;arn:aws:ec2:ap-southeast-1:850960379897:instance/i-00a3ae5c672f62596
2025-09-24T16:24:05.752789;prowler-aws-ec2_instance_older_than_specific_days-850960379897-ap-southeast-1-i-00a3ae5c672f62596;aws;ec2_instance_older_than_specific_days;Check EC2 Instances older than specific days.;Infrastructure Security;PASS;EC2 Instance i-00a3ae5c672f62596 is not older than 180 days (0 days).;ec2;;medium;AwsEc2Instance;;Project=Network Hardened | Name=Tiny EC2 Instance Main | Environment=Development;Check EC2 Instances older than specific days.;Having old instances within your AWS account could increase the risk of having vulnerable software.;;Check if software running in the instance is up to date and patched accordingly. Use AWS Systems Manager to patch instances and view patching compliance information.;https://docs.aws.amazon.com/systems-manager/latest/userguide/viewing-patch-compliance-results.html;;;;https://www.trendmicro.com/cloudoneconformity/knowledge-base/aws/EC2/ec2-instance-too-old.html;CISA: your-systems-1 | AWS-Foundational-Security-Best-Practices: ec2 | HIPAA: 164_308_a_1_ii_b | GxP-21-CFR-Part-11: 11.10-a | NIST-800-171-Revision-2: 3_4_1, 3_4_2 | NIST-800-53-Revision-4: cm_2 | NIST-800-53-Revision-5: cm_2_a, cm_2_b, cm_2_b_1, cm_2_b_2, cm_2_b_3, cm_2_2, cm_3_3, cm_8_6 | NIST-CSF-1.1: ds_7, ip_1 | FFIEC: d1-g-it-b-1 | FedRamp-Moderate-Revision-4: cm-2 | FedRAMP-Low-Revision-4: cm-2;;;;;;850960379897;;;;;;ap-southeast-1;i-00a3ae5c672f62596;arn:aws:ec2:ap-southeast-1:850960379897:instance/i-00a3ae5c672f62596
2025-09-24T16:24:05.752789;prowler-aws-ec2_instance_profile_attached-850960379897-ap-southeast-1-i-00a3ae5c672f62596;aws;ec2_instance_profile_attached;Ensure IAM instance roles are used for AWS resource access from instances;Software and Configuration Checks/Industry and Regulatory Standards/CIS AWS Foundations Benchmark;PASS;EC2 Instance i-00a3ae5c672f62596 associated with Instance Profile Role arn:aws:iam::850960379897:instance-profile/ec2-ssm-instance-profile.;ec2;;medium;AwsEc2Instance;;Project=Network Hardened | Name=Tiny EC2 Instance Main | Environment=Development;Ensure IAM instance roles are used for AWS resource access from instances.;AWS access from within AWS instances can be done by either encoding AWS keys into AWS API calls or by assigning the instance to a role which has an appropriate permissions policy for the required access. AWS IAM roles reduce the risks associated with sharing and rotating credentials that can be used outside of AWS itself. If credentials are compromised, they can be used from outside of the AWS account.;;Create an IAM instance role if necessary and attach it to the corresponding EC2 instance..;http://docs.aws.amazon.com/IAM/latest/UserGuide/id_roles_use_switch-role-ec2.html;;;;https://github.com/cloudmatos/matos/tree/master/remediations/aws/ec2/attach_iam_roles_ec2_instances;CIS-1.4: 1.18 | CIS-1.5: 1.18 | CIS-2.0: 1.18 | GxP-21-CFR-Part-11: 11.10-d, 11.10-g | AWS-Well-Architected-Framework-Security-Pillar: SEC03-BP01, SEC03-BP02, SEC06-BP04, SEC06-BP05 | NIST-800-171-Revision-2: 3_1_1, 3_1_2 | NIST-800-53-Revision-5: ac_3, cm_5_1_a, cm_6_a | FFIEC: d3-pc-am-b-1;;;;;;850960379897;;;;;;ap-southeast-1;i-00a3ae5c672f62596;arn:aws:ec2:ap-southeast-1:850960379897:instance/i-00a3ae5c672f62596
2025-09-24T16:24:05.752789;prowler-aws-ec2_instance_public_ip-850960379897-ap-southeast-1-i-00a3ae5c672f62596;aws;ec2_instance_public_ip;Check for EC2 Instances with Public IP.;Infrastructure Security;FAIL;EC2 Instance i-00a3ae5c672f62596 has a Public IP: 3.0.204.89 ().;ec2;instance;medium;AwsEc2Instance;;Project=Network Hardened | Name=Tiny EC2 Instance Main | Environment=Development;Check for EC2 Instances with Public IP.;Exposing an EC2 directly to internet increases the attack surface and therefore the risk of compromise.;;Use an ALB and apply WAF ACL.;https://aws.amazon.com/blogs/aws/aws-web-application-firewall-waf-for-application-load-balancers/;https://docs.bridgecrew.io/docs/public_12#cloudformation;https://docs.bridgecrew.io/docs/public_12#terraform;;https://docs.bridgecrew.io/docs/public_12#aws-console;CISA: your-systems-3, your-data-2 | SOC2: cc_6_6 | MITRE-ATTACK: T1190 | AWS-Foundational-Security-Best-Practices: ec2 | HIPAA: 164_308_a_1_ii_b, 164_308_a_3_i, 164_312_a_1 | GxP-21-CFR-Part-11: 11.10-d, 11.10-g | AWS-Well-Architected-Framework-Security-Pillar: SEC03-BP07 | NIST-800-171-Revision-2: 3_1_1, 3_1_2, 3_1_3, 3_1_14, 3_13_2, 3_13_5 | NIST-800-53-Revision-4: ac_4, ac_6, ac_21, sc_7_3, sc_7 | NIST-800-53-Revision-5: ac_2_6, ac_3, ac_3_7, ac_4_21, ac_6, ac_17_b, ac_17_1, ac_17_4_a, ac_17_9, ac_17_10, mp_2, sc_7_2, sc_7_3, sc_7_7, sc_7_9_a, sc_7_11, sc_7_12, sc_7_16, sc_7_20, sc_7_21, sc_7_24_b, sc_7_25, sc_7_26, sc_7_27, sc_7_28, sc_7_a, sc_7_b, sc_7_c, sc_25 | NIST-CSF-1.1: ac_3, ac_5, ip_8 | RBI-Cyber-Security-Framework: annex_i_1_3 | FFIEC: d3-pc-im-b-1 | FedRamp-Moderate-Revision-4: ac-3, ac-4, ac-6, ac-17-1, ac-21-b, cm-2, sc-7-3, sc-7 | FedRAMP-Low-Revision-4: ac-3, ac-17, cm-2, sc-7;internet-exposed;;;;;850960379897;;;;;;ap-southeast-1;i-00a3ae5c672f62596;arn:aws:ec2:ap-southeast-1:850960379897:instance/i-00a3ae5c672f62596
2025-09-24T16:24:05.752789;prowler-aws-ec2_instance_secrets_user_data-850960379897-ap-southeast-1-i-00a3ae5c672f62596;aws;ec2_instance_secrets_user_data;Find secrets in EC2 User Data.;IAM;PASS;No secrets found in EC2 instance i-00a3ae5c672f62596 since User Data is empty.;ec2;;critical;AwsEc2Instance;;Project=Network Hardened | Name=Tiny EC2 Instance Main | Environment=Development;Find secrets in EC2 User Data.;Secrets hardcoded into instance user data can be used by malware and bad actors to gain lateral access to other services.;;Implement automated detective control (e.g. using tools like Prowler) to scan accounts for passwords and secrets. Use secrets manager service to store and retrieve passwords and secrets.;https://docs.aws.amazon.com/secretsmanager/latest/userguide/tutorials_basic.html;https://docs.bridgecrew.io/docs/bc_aws_secrets_1#cloudformation;https://docs.bridgecrew.io/docs/bc_aws_secrets_1#terraform;https://docs.bridgecrew.io/docs/bc_aws_secrets_1#cli-command;;MITRE-ATTACK: T1552 | AWS-Well-Architected-Framework-Security-Pillar: SEC02-BP03;secrets;;;;;850960379897;;;;;;ap-southeast-1;i-00a3ae5c672f62596;arn:aws:ec2:ap-southeast-1:850960379897:instance/i-00a3ae5c672f62596
2025-09-24T16:24:05.752789;prowler-aws-ec2_networkacl_allow_ingress_any_port-850960379897-ap-southeast-1-acl-0607a8ae41e75fc27;aws;ec2_networkacl_allow_ingress_any_port;Ensure no Network ACLs allow ingress from 0.0.0.0/0 to any port.;Software and Configuration Checks,Industry and Regulatory Standards,CIS AWS Foundations Benchmark;FAIL;Network ACL acl-0607a8ae41e75fc27 has every port open to the Internet.;ec2;networkacl;medium;AwsEc2NetworkAcl;;;Ensure no Network ACLs allow ingress from 0.0.0.0/0 to any port.;Even having a perimeter firewall, having network acls open allows any user or malware with vpc access to scan for well known and sensitive ports and gain access to instance.;;Apply Zero Trust approach. Implement a process to scan and remediate unrestricted or overly permissive network acls. Recommended best practices is to narrow the definition for the minimum ports required.;https://docs.aws.amazon.com/vpc/latest/userguide/vpc-network-acls.html;;;;;CISA: your-data-2 | CIS-1.4: 5.1 | CIS-1.5: 5.1 | MITRE-ATTACK: T1199, T1048, T1499, T1498, T1046 | AWS-Foundational-Security-Best-Practices: ec2 | HIPAA: 164_308_a_1_ii_b, 164_312_e_1 | CIS-2.0: 5.1 | GxP-21-CFR-Part-11: 11.10-d, 11.10-g, 11.10-k | AWS-Well-Architected-Framework-Security-Pillar: SEC05-BP03 | NIST-800-171-Revision-2: 3_1_1, 3_1_2, 3_1_3, 3_1_14, 3_1_20, 3_4_1, 3_4_7, 3_13_1, 3_13_2, 3_13_5, 3_13_6 | NIST-800-53-Revision-4: ac_4, cm_2, sc_7_3, sc_7 | NIST-800-53-Revision-5: ac_4_21, ac_17_b, ac_17_1, ac_17_4_a, ac_17_9, ac_17_10, cm_2_a, cm_2_2, cm_6_a, cm_7_b, cm_8_6, cm_9_b, sc_7_5, sc_7_7, sc_7_11, sc_7_12, sc_7_16, sc_7_21, sc_7_24_b, sc_7_25, sc_7_26, sc_7_27, sc_7_28, sc_7_a, sc_7_c | NIST-CSF-1.1: ae_1, ac_3, ac_5, pt_4 | RBI-Cyber-Security-Framework: annex_i_1_3, annex_i_5_1 | FFIEC: d3-pc-am-b-10, d3-pc-im-b-1, d3-pc-im-b-2, d3-pc-im-b-6, d4-c-co-b-2 | FedRamp-Moderate-Revision-4: ac-4, ac-17-1, ac-21-b, cm-2, sc-4, sc-7-3, sc-7 | FedRAMP-Low-Revision-4: ac-17, cm-2, sc-7;internet-exposed;;;Infrastructure Security;;850960379897;;;;;;ap-southeast-1;acl-0607a8ae41e75fc27;arn:aws:ec2:ap-southeast-1:850960379897:network-acl/acl-0607a8ae41e75fc27
2025-09-24T16:24:05.752789;prowler-aws-ec2_networkacl_allow_ingress_tcp_port_22-850960379897-ap-southeast-1-acl-0607a8ae41e75fc27;aws;ec2_networkacl_allow_ingress_tcp_port_22;Ensure no Network ACLs allow ingress from 0.0.0.0/0 to SSH port 22;Infrastructure Security;FAIL;Network ACL acl-0607a8ae41e75fc27 has SSH port 22 open to the Internet.;ec2;networkacl;medium;AwsEc2NetworkAcl;;;Ensure no Network ACLs allow ingress from 0.0.0.0/0 to SSH port 22;Even having a perimeter firewall, having network acls open allows any user or malware with vpc access to scan for well known and sensitive ports and gain access to instance.;;Apply Zero Trust approach. Implement a process to scan and remediate unrestricted or overly permissive network acls. Recommended best practices is to narrow the definition for the minimum ports required.;https://docs.aws.amazon.com/vpc/latest/userguide/vpc-network-acls.html;https://docs.bridgecrew.io/docs/ensure-aws-nacl-does-not-allow-ingress-from-00000-to-port-22#cloudformation;https://docs.bridgecrew.io/docs/ensure-aws-nacl-does-not-allow-ingress-from-00000-to-port-22#terraform;;;CIS-1.4: 5.1 | CIS-1.5: 5.1 | MITRE-ATTACK: T1199, T1048, T1499, T1498, T1046 | CIS-2.0: 5.1 | AWS-Well-Architected-Framework-Security-Pillar: SEC05-BP02, SEC05-BP03;internet-exposed;;;;;850960379897;;;;;;ap-southeast-1;acl-0607a8ae41e75fc27;arn:aws:ec2:ap-southeast-1:850960379897:network-acl/acl-0607a8ae41e75fc27
2025-09-24T16:24:05.752789;prowler-aws-ec2_networkacl_allow_ingress_tcp_port_3389-850960379897-ap-southeast-1-acl-0607a8ae41e75fc27;aws;ec2_networkacl_allow_ingress_tcp_port_3389;Ensure no Network ACLs allow ingress from 0.0.0.0/0 to Microsoft RDP port 3389;Infrastructure Security;FAIL;Network ACL acl-0607a8ae41e75fc27 has Microsoft RDP port 3389 open to the Internet.;ec2;networkacl;medium;AwsEc2NetworkAcl;;;Ensure no Network ACLs allow ingress from 0.0.0.0/0 to Microsoft RDP port 3389;Even having a perimeter firewall, having network acls open allows any user or malware with vpc access to scan for well known and sensitive ports and gain access to instance.;;Apply Zero Trust approach. Implement a process to scan and remediate unrestricted or overly permissive network acls. Recommended best practices is to narrow the definition for the minimum ports required.;https://docs.aws.amazon.com/vpc/latest/userguide/vpc-network-acls.html;https://docs.bridgecrew.io/docs/ensure-aws-nacl-does-not-allow-ingress-from-00000-to-port-3389#cloudformation;https://docs.bridgecrew.io/docs/ensure-aws-nacl-does-not-allow-ingress-from-00000-to-port-3389#terraform;;;CIS-1.4: 5.1 | CIS-1.5: 5.1 | MITRE-ATTACK: T1199, T1048, T1499, T1498, T1046 | CIS-2.0: 5.1 | AWS-Well-Architected-Framework-Security-Pillar: SEC05-BP03;internet-exposed;;;;;850960379897;;;;;;ap-southeast-1;acl-0607a8ae41e75fc27;arn:aws:ec2:ap-southeast-1:850960379897:network-acl/acl-0607a8ae41e75fc27
2025-09-24T16:24:05.752789;prowler-aws-ec2_securitygroup_allow_ingress_from_internet_to_any_port-850960379897-ap-southeast-1-sg-0c5fc65165567f9fc;aws;ec2_securitygroup_allow_ingress_from_internet_to_any_port;Ensure no security groups allow ingress from 0.0.0.0/0 or ::/0 to any port.;Infrastructure Security;PASS;Security group default (sg-0c5fc65165567f9fc) does not have all ports open to the Internet.;ec2;securitygroup;high;AwsEc2SecurityGroup;default;Name=Default Security Group (do not use) | Project=Network Hardened | Environment=Development;Ensure no security groups allow ingress from 0.0.0.0/0 or ::/0 to any port.;If Security groups are not properly configured the attack surface is increased.;;Use a Zero Trust approach. Narrow ingress traffic as much as possible. Consider north-south as well as east-west traffic.;https://docs.aws.amazon.com/vpc/latest/userguide/VPC_SecurityGroups.html;;;;;CISA: your-systems-3, your-data-2 | CIS-1.4: 5.2 | CIS-1.5: 5.2, 5.3 | MITRE-ATTACK: T1199, T1048, T1499, T1498, T1046 | CIS-2.0: 5.2, 5.3 | AWS-Well-Architected-Framework-Security-Pillar: SEC05-BP03 | ENS-RD2022: mp.com.1.aws.sg.2;internet-exposed;;;;;850960379897;;;;;;ap-southeast-1;sg-0c5fc65165567f9fc;arn:aws:ec2:ap-southeast-1:850960379897:security-group/sg-0c5fc65165567f9fc
2025-09-24T16:24:05.752789;prowler-aws-ec2_securitygroup_allow_ingress_from_internet_to_any_port-850960379897-ap-southeast-1-sg-0b6a1a57fb0b393e0;aws;ec2_securitygroup_allow_ingress_from_internet_to_any_port;Ensure no security groups allow ingress from 0.0.0.0/0 or ::/0 to any port.;Infrastructure Security;PASS;Security group terraform-20250924034142150400000002 (sg-0b6a1a57fb0b393e0) does not have all ports open to the Internet.;ec2;securitygroup;high;AwsEc2SecurityGroup;terraform-20250924034142150400000002;Name=Security Group Main | Environment=Development | Project=Network Hardened;Ensure no security groups allow ingress from 0.0.0.0/0 or ::/0 to any port.;If Security groups are not properly configured the attack surface is increased.;;Use a Zero Trust approach. Narrow ingress traffic as much as possible. Consider north-south as well as east-west traffic.;https://docs.aws.amazon.com/vpc/latest/userguide/VPC_SecurityGroups.html;;;;;CISA: your-systems-3, your-data-2 | CIS-1.4: 5.2 | CIS-1.5: 5.2, 5.3 | MITRE-ATTACK: T1199, T1048, T1499, T1498, T1046 | CIS-2.0: 5.2, 5.3 | AWS-Well-Architected-Framework-Security-Pillar: SEC05-BP03 | ENS-RD2022: mp.com.1.aws.sg.2;internet-exposed;;;;;850960379897;;;;;;ap-southeast-1;sg-0b6a1a57fb0b393e0;arn:aws:ec2:ap-southeast-1:850960379897:security-group/sg-0b6a1a57fb0b393e0
2025-09-24T16:24:05.752789;prowler-aws-ec2_securitygroup_allow_ingress_from_internet_to_port_mongodb_27017_27018-850960379897-ap-southeast-1-sg-0c5fc65165567f9fc;aws;ec2_securitygroup_allow_ingress_from_internet_to_port_mongodb_27017_27018;Ensure no security groups allow ingress from 0.0.0.0/0 or ::/0 to MongoDB ports 27017 and 27018.;Infrastructure Security;PASS;Security group default (sg-0c5fc65165567f9fc) does not have MongoDB ports 27017 and 27018 open to the Internet.;ec2;securitygroup;high;AwsEc2SecurityGroup;default;Name=Default Security Group (do not use) | Project=Network Hardened | Environment=Development;Ensure no security groups allow ingress from 0.0.0.0/0 or ::/0 to MongoDB ports 27017 and 27018.;If Security groups are not properly configured the attack surface is increased.;;Use a Zero Trust approach. Narrow ingress traffic as much as possible. Consider north-south as well as east-west traffic.;https://docs.aws.amazon.com/vpc/latest/userguide/VPC_SecurityGroups.html;;;;;MITRE-ATTACK: T1199, T1048, T1499, T1498, T1046 | AWS-Well-Architected-Framework-Security-Pillar: SEC05-BP03;internet-exposed;;;;;850960379897;;;;;;ap-southeast-1;sg-0c5fc65165567f9fc;arn:aws:ec2:ap-southeast-1:850960379897:security-group/sg-0c5fc65165567f9fc
2025-09-24T16:24:05.752789;prowler-aws-ec2_securitygroup_allow_ingress_from_internet_to_port_mongodb_27017_27018-850960379897-ap-southeast-1-sg-0b6a1a57fb0b393e0;aws;ec2_securitygroup_allow_ingress_from_internet_to_port_mongodb_27017_27018;Ensure no security groups allow ingress from 0.0.0.0/0 or ::/0 to MongoDB ports 27017 and 27018.;Infrastructure Security;PASS;Security group terraform-20250924034142150400000002 (sg-0b6a1a57fb0b393e0) does not have MongoDB ports 27017 and 27018 open to the Internet.;ec2;securitygroup;high;AwsEc2SecurityGroup;terraform-20250924034142150400000002;Name=Security Group Main | Environment=Development | Project=Network Hardened;Ensure no security groups allow ingress from 0.0.0.0/0 or ::/0 to MongoDB ports 27017 and 27018.;If Security groups are not properly configured the attack surface is increased.;;Use a Zero Trust approach. Narrow ingress traffic as much as possible. Consider north-south as well as east-west traffic.;https://docs.aws.amazon.com/vpc/latest/userguide/VPC_SecurityGroups.html;;;;;MITRE-ATTACK: T1199, T1048, T1499, T1498, T1046 | AWS-Well-Architected-Framework-Security-Pillar: SEC05-BP03;internet-exposed;;;;;850960379897;;;;;;ap-southeast-1;sg-0b6a1a57fb0b393e0;arn:aws:ec2:ap-southeast-1:850960379897:security-group/sg-0b6a1a57fb0b393e0
2025-09-24T16:24:05.752789;prowler-aws-ec2_securitygroup_allow_ingress_from_internet_to_tcp_ftp_port_20_21-850960379897-ap-southeast-1-sg-0c5fc65165567f9fc;aws;ec2_securitygroup_allow_ingress_from_internet_to_tcp_ftp_port_20_21;Ensure no security groups allow ingress from 0.0.0.0/0 or ::/0 to FTP ports 20 or 21.;Infrastructure Security;PASS;Security group default (sg-0c5fc65165567f9fc) does not have FTP ports 20 and 21 open to the Internet.;ec2;securitygroup;high;AwsEc2SecurityGroup;default;Name=Default Security Group (do not use) | Project=Network Hardened | Environment=Development;Ensure no security groups allow ingress from 0.0.0.0/0 or ::/0 to FTP ports 20 or 21.;If Security groups are not properly configured the attack surface is increased.;;Use a Zero Trust approach. Narrow ingress traffic as much as possible. Consider north-south as well as east-west traffic.;https://docs.aws.amazon.com/vpc/latest/userguide/VPC_SecurityGroups.html;;;;;MITRE-ATTACK: T1199, T1048, T1499, T1498, T1046 | AWS-Well-Architected-Framework-Security-Pillar: SEC05-BP03;internet-exposed;;;;;850960379897;;;;;;ap-southeast-1;sg-0c5fc65165567f9fc;arn:aws:ec2:ap-southeast-1:850960379897:security-group/sg-0c5fc65165567f9fc
2025-09-24T16:24:05.752789;prowler-aws-ec2_securitygroup_allow_ingress_from_internet_to_tcp_ftp_port_20_21-850960379897-ap-southeast-1-sg-0b6a1a57fb0b393e0;aws;ec2_securitygroup_allow_ingress_from_internet_to_tcp_ftp_port_20_21;Ensure no security groups allow ingress from 0.0.0.0/0 or ::/0 to FTP ports 20 or 21.;Infrastructure Security;PASS;Security group terraform-20250924034142150400000002 (sg-0b6a1a57fb0b393e0) does not have FTP ports 20 and 21 open to the Internet.;ec2;securitygroup;high;AwsEc2SecurityGroup;terraform-20250924034142150400000002;Name=Security Group Main | Environment=Development | Project=Network Hardened;Ensure no security groups allow ingress from 0.0.0.0/0 or ::/0 to FTP ports 20 or 21.;If Security groups are not properly configured the attack surface is increased.;;Use a Zero Trust approach. Narrow ingress traffic as much as possible. Consider north-south as well as east-west traffic.;https://docs.aws.amazon.com/vpc/latest/userguide/VPC_SecurityGroups.html;;;;;MITRE-ATTACK: T1199, T1048, T1499, T1498, T1046 | AWS-Well-Architected-Framework-Security-Pillar: SEC05-BP03;internet-exposed;;;;;850960379897;;;;;;ap-southeast-1;sg-0b6a1a57fb0b393e0;arn:aws:ec2:ap-southeast-1:850960379897:security-group/sg-0b6a1a57fb0b393e0
2025-09-24T16:24:05.752789;prowler-aws-ec2_securitygroup_allow_ingress_from_internet_to_tcp_port_22-850960379897-ap-southeast-1-sg-0c5fc65165567f9fc;aws;ec2_securitygroup_allow_ingress_from_internet_to_tcp_port_22;Ensure no security groups allow ingress from 0.0.0.0/0 or ::/0 to SSH port 22.;Infrastructure Security;PASS;Security group default (sg-0c5fc65165567f9fc) does not have SSH port 22 open to the Internet.;ec2;securitygroup;high;AwsEc2SecurityGroup;default;Name=Default Security Group (do not use) | Project=Network Hardened | Environment=Development;Ensure no security groups allow ingress from 0.0.0.0/0 or ::/0 to SSH port 22.;If Security groups are not properly configured the attack surface is increased.;;Use a Zero Trust approach. Narrow ingress traffic as much as possible. Consider north-south as well as east-west traffic.;https://docs.aws.amazon.com/vpc/latest/userguide/VPC_SecurityGroups.html;https://docs.bridgecrew.io/docs/networking_1-port-security#cloudformation;https://docs.bridgecrew.io/docs/networking_1-port-security#terraform;https://docs.bridgecrew.io/docs/networking_1-port-security#cli-command;https://docs.bridgecrew.io/docs/networking_1-port-security#aws-console;CISA: your-systems-3, your-data-2 | SOC2: cc_7_2 | CIS-1.4: 5.2 | CIS-1.5: 5.2, 5.3 | MITRE-ATTACK: T1199, T1048, T1499, T1498, T1046 | ISO27001-2013: A.12.6, A.13.1 | HIPAA: 164_308_a_1_ii_b, 164_312_e_1 | CIS-2.0: 5.2, 5.3 | GxP-21-CFR-Part-11: 11.10-d, 11.10-g | AWS-Well-Architected-Framework-Security-Pillar: SEC05-BP03 | NIST-800-171-Revision-2: 3_1_1, 3_1_2, 3_1_3, 3_1_14, 3_1_20, 3_4_7, 3_13_1, 3_13_2, 3_13_5, 3_13_6 | NIST-800-53-Revision-4: ac_4, sc_7_3, sc_7 | NIST-800-53-Revision-5: ac_17_b, ac_17_1, ac_17_9, ac_17_10, cm_9_b, sc_7_7, sc_7_11, sc_7_12, sc_7_16, sc_7_21, sc_7_24_b, sc_7_25, sc_7_26, sc_7_27, sc_7_28, sc_7_a, sc_7_c | NIST-CSF-1.1: ae_1, ac_3, ac_5, ds_7, pt_4 | AWS-Audit-Manager-Control-Tower-Guardrails: 2.0.2 | RBI-Cyber-Security-Framework: annex_i_5_1, annex_i_7_3 | FFIEC: d3-pc-am-b-10, d3-pc-im-b-1, d3-pc-im-b-2, d3-pc-im-b-6, d4-c-co-b-2 | PCI-3.2.1: ec2 | FedRamp-Moderate-Revision-4: ac-4, ac-17-1, cm-2, sc-4, sc-7-3, sc-7 | FedRAMP-Low-Revision-4: ac-17, cm-2, sc-7;internet-exposed;;;;;850960379897;;;;;;ap-southeast-1;sg-0c5fc65165567f9fc;arn:aws:ec2:ap-southeast-1:850960379897:security-group/sg-0c5fc65165567f9fc
2025-09-24T16:24:05.752789;prowler-aws-ec2_securitygroup_allow_ingress_from_internet_to_tcp_port_22-850960379897-ap-southeast-1-sg-0b6a1a57fb0b393e0;aws;ec2_securitygroup_allow_ingress_from_internet_to_tcp_port_22;Ensure no security groups allow ingress from 0.0.0.0/0 or ::/0 to SSH port 22.;Infrastructure Security;PASS;Security group terraform-20250924034142150400000002 (sg-0b6a1a57fb0b393e0) does not have SSH port 22 open to the Internet.;ec2;securitygroup;high;AwsEc2SecurityGroup;terraform-20250924034142150400000002;Name=Security Group Main | Environment=Development | Project=Network Hardened;Ensure no security groups allow ingress from 0.0.0.0/0 or ::/0 to SSH port 22.;If Security groups are not properly configured the attack surface is increased.;;Use a Zero Trust approach. Narrow ingress traffic as much as possible. Consider north-south as well as east-west traffic.;https://docs.aws.amazon.com/vpc/latest/userguide/VPC_SecurityGroups.html;https://docs.bridgecrew.io/docs/networking_1-port-security#cloudformation;https://docs.bridgecrew.io/docs/networking_1-port-security#terraform;https://docs.bridgecrew.io/docs/networking_1-port-security#cli-command;https://docs.bridgecrew.io/docs/networking_1-port-security#aws-console;CISA: your-systems-3, your-data-2 | SOC2: cc_7_2 | CIS-1.4: 5.2 | CIS-1.5: 5.2, 5.3 | MITRE-ATTACK: T1199, T1048, T1499, T1498, T1046 | ISO27001-2013: A.12.6, A.13.1 | HIPAA: 164_308_a_1_ii_b, 164_312_e_1 | CIS-2.0: 5.2, 5.3 | GxP-21-CFR-Part-11: 11.10-d, 11.10-g | AWS-Well-Architected-Framework-Security-Pillar: SEC05-BP03 | NIST-800-171-Revision-2: 3_1_1, 3_1_2, 3_1_3, 3_1_14, 3_1_20, 3_4_7, 3_13_1, 3_13_2, 3_13_5, 3_13_6 | NIST-800-53-Revision-4: ac_4, sc_7_3, sc_7 | NIST-800-53-Revision-5: ac_17_b, ac_17_1, ac_17_9, ac_17_10, cm_9_b, sc_7_7, sc_7_11, sc_7_12, sc_7_16, sc_7_21, sc_7_24_b, sc_7_25, sc_7_26, sc_7_27, sc_7_28, sc_7_a, sc_7_c | NIST-CSF-1.1: ae_1, ac_3, ac_5, ds_7, pt_4 | AWS-Audit-Manager-Control-Tower-Guardrails: 2.0.2 | RBI-Cyber-Security-Framework: annex_i_5_1, annex_i_7_3 | FFIEC: d3-pc-am-b-10, d3-pc-im-b-1, d3-pc-im-b-2, d3-pc-im-b-6, d4-c-co-b-2 | PCI-3.2.1: ec2 | FedRamp-Moderate-Revision-4: ac-4, ac-17-1, cm-2, sc-4, sc-7-3, sc-7 | FedRAMP-Low-Revision-4: ac-17, cm-2, sc-7;internet-exposed;;;;;850960379897;;;;;;ap-southeast-1;sg-0b6a1a57fb0b393e0;arn:aws:ec2:ap-southeast-1:850960379897:security-group/sg-0b6a1a57fb0b393e0
2025-09-24T16:24:05.752789;prowler-aws-ec2_securitygroup_allow_ingress_from_internet_to_tcp_port_3389-850960379897-ap-southeast-1-sg-0c5fc65165567f9fc;aws;ec2_securitygroup_allow_ingress_from_internet_to_tcp_port_3389;Ensure no security groups allow ingress from 0.0.0.0/0 or ::/0 to port 3389.;Infrastructure Security;PASS;Security group default (sg-0c5fc65165567f9fc) does not have Microsoft RDP port 3389 open to the Internet.;ec2;securitygroup;high;AwsEc2SecurityGroup;default;Name=Default Security Group (do not use) | Project=Network Hardened | Environment=Development;Ensure no security groups allow ingress from 0.0.0.0/0 or ::/0 to port 3389.;If Security groups are not properly configured the attack surface is increased.;;Use a Zero Trust approach. Narrow ingress traffic as much as possible. Consider north-south as well as east-west traffic.;https://docs.aws.amazon.com/vpc/latest/userguide/VPC_SecurityGroups.html;https://docs.bridgecrew.io/docs/networking_2#cloudformation;https://docs.bridgecrew.io/docs/networking_2#terraform;https://docs.bridgecrew.io/docs/networking_2#cli-command;https://docs.bridgecrew.io/docs/networking_2#aws-console;CIS-1.4: 5.2 | CIS-1.5: 5.2, 5.3 | MITRE-ATTACK: T1199, T1048, T1499, T1498, T1046 | ISO27001-2013: A.12.6, A.13.1 | CIS-2.0: 5.2, 5.3 | AWS-Well-Architected-Framework-Security-Pillar: SEC05-BP03 | AWS-Audit-Manager-Control-Tower-Guardrails: 2.0.1 | PCI-3.2.1: ec2;internet-exposed;;;;;850960379897;;;;;;ap-southeast-1;sg-0c5fc65165567f9fc;arn:aws:ec2:ap-southeast-1:850960379897:security-group/sg-0c5fc65165567f9fc
2025-09-24T16:24:05.752789;prowler-aws-ec2_securitygroup_allow_ingress_from_internet_to_tcp_port_3389-850960379897-ap-southeast-1-sg-0b6a1a57fb0b393e0;aws;ec2_securitygroup_allow_ingress_from_internet_to_tcp_port_3389;Ensure no security groups allow ingress from 0.0.0.0/0 or ::/0 to port 3389.;Infrastructure Security;PASS;Security group terraform-20250924034142150400000002 (sg-0b6a1a57fb0b393e0) does not have Microsoft RDP port 3389 open to the Internet.;ec2;securitygroup;high;AwsEc2SecurityGroup;terraform-20250924034142150400000002;Name=Security Group Main | Environment=Development | Project=Network Hardened;Ensure no security groups allow ingress from 0.0.0.0/0 or ::/0 to port 3389.;If Security groups are not properly configured the attack surface is increased.;;Use a Zero Trust approach. Narrow ingress traffic as much as possible. Consider north-south as well as east-west traffic.;https://docs.aws.amazon.com/vpc/latest/userguide/VPC_SecurityGroups.html;https://docs.bridgecrew.io/docs/networking_2#cloudformation;https://docs.bridgecrew.io/docs/networking_2#terraform;https://docs.bridgecrew.io/docs/networking_2#cli-command;https://docs.bridgecrew.io/docs/networking_2#aws-console;CIS-1.4: 5.2 | CIS-1.5: 5.2, 5.3 | MITRE-ATTACK: T1199, T1048, T1499, T1498, T1046 | ISO27001-2013: A.12.6, A.13.1 | CIS-2.0: 5.2, 5.3 | AWS-Well-Architected-Framework-Security-Pillar: SEC05-BP03 | AWS-Audit-Manager-Control-Tower-Guardrails: 2.0.1 | PCI-3.2.1: ec2;internet-exposed;;;;;850960379897;;;;;;ap-southeast-1;sg-0b6a1a57fb0b393e0;arn:aws:ec2:ap-southeast-1:850960379897:security-group/sg-0b6a1a57fb0b393e0
2025-09-24T16:24:05.752789;prowler-aws-ec2_securitygroup_allow_ingress_from_internet_to_tcp_port_cassandra_7199_9160_8888-850960379897-ap-southeast-1-sg-0c5fc65165567f9fc;aws;ec2_securitygroup_allow_ingress_from_internet_to_tcp_port_cassandra_7199_9160_8888;Ensure no security groups allow ingress from 0.0.0.0/0 or ::/0 to Cassandra ports 7199 or 9160 or 8888.;Infrastructure Security;PASS;Security group default (sg-0c5fc65165567f9fc) does not have Casandra ports 7199, 8888 and 9160 open to the Internet.;ec2;securitygroup;high;AwsEc2SecurityGroup;default;Name=Default Security Group (do not use) | Project=Network Hardened | Environment=Development;Ensure no security groups allow ingress from 0.0.0.0/0 or ::/0 to Cassandra ports 7199 or 9160 or 8888.;If Security groups are not properly configured the attack surface is increased.;;Use a Zero Trust approach. Narrow ingress traffic as much as possible. Consider north-south as well as east-west traffic.;https://docs.aws.amazon.com/vpc/latest/userguide/VPC_SecurityGroups.html;;;;;MITRE-ATTACK: T1199, T1048, T1499, T1498, T1046 | AWS-Well-Architected-Framework-Security-Pillar: SEC05-BP03;internet-exposed;;;;;850960379897;;;;;;ap-southeast-1;sg-0c5fc65165567f9fc;arn:aws:ec2:ap-southeast-1:850960379897:security-group/sg-0c5fc65165567f9fc
2025-09-24T16:24:05.752789;prowler-aws-ec2_securitygroup_allow_ingress_from_internet_to_tcp_port_cassandra_7199_9160_8888-850960379897-ap-southeast-1-sg-0b6a1a57fb0b393e0;aws;ec2_securitygroup_allow_ingress_from_internet_to_tcp_port_cassandra_7199_9160_8888;Ensure no security groups allow ingress from 0.0.0.0/0 or ::/0 to Cassandra ports 7199 or 9160 or 8888.;Infrastructure Security;PASS;Security group terraform-20250924034142150400000002 (sg-0b6a1a57fb0b393e0) does not have Casandra ports 7199, 8888 and 9160 open to the Internet.;ec2;securitygroup;high;AwsEc2SecurityGroup;terraform-20250924034142150400000002;Name=Security Group Main | Environment=Development | Project=Network Hardened;Ensure no security groups allow ingress from 0.0.0.0/0 or ::/0 to Cassandra ports 7199 or 9160 or 8888.;If Security groups are not properly configured the attack surface is increased.;;Use a Zero Trust approach. Narrow ingress traffic as much as possible. Consider north-south as well as east-west traffic.;https://docs.aws.amazon.com/vpc/latest/userguide/VPC_SecurityGroups.html;;;;;MITRE-ATTACK: T1199, T1048, T1499, T1498, T1046 | AWS-Well-Architected-Framework-Security-Pillar: SEC05-BP03;internet-exposed;;;;;850960379897;;;;;;ap-southeast-1;sg-0b6a1a57fb0b393e0;arn:aws:ec2:ap-southeast-1:850960379897:security-group/sg-0b6a1a57fb0b393e0
2025-09-24T16:24:05.752789;prowler-aws-ec2_securitygroup_allow_ingress_from_internet_to_tcp_port_elasticsearch_kibana_9200_9300_5601-850960379897-ap-southeast-1-sg-0c5fc65165567f9fc;aws;ec2_securitygroup_allow_ingress_from_internet_to_tcp_port_elasticsearch_kibana_9200_9300_5601;Ensure no security groups allow ingress from 0.0.0.0/0 or ::/0 to Elasticsearch/Kibana ports.;Infrastructure Security;PASS;Security group default (sg-0c5fc65165567f9fc) does not have Elasticsearch/Kibana ports 9200, 9300 and 5601 open to the Internet.;ec2;securitygroup;high;AwsEc2SecurityGroup;default;Name=Default Security Group (do not use) | Project=Network Hardened | Environment=Development;Ensure no security groups allow ingress from 0.0.0.0/0 or ::/0 to Elasticsearch/Kibana ports.;If Security groups are not properly configured the attack surface is increased.;;Use a Zero Trust approach. Narrow ingress traffic as much as possible. Consider north-south as well as east-west traffic.;https://docs.aws.amazon.com/vpc/latest/userguide/VPC_SecurityGroups.html;;;;;MITRE-ATTACK: T1199, T1048, T1499, T1498, T1046 | AWS-Well-Architected-Framework-Security-Pillar: SEC05-BP03;internet-exposed;;;;;850960379897;;;;;;ap-southeast-1;sg-0c5fc65165567f9fc;arn:aws:ec2:ap-southeast-1:850960379897:security-group/sg-0c5fc65165567f9fc
2025-09-24T16:24:05.752789;prowler-aws-ec2_securitygroup_allow_ingress_from_internet_to_tcp_port_elasticsearch_kibana_9200_9300_5601-850960379897-ap-southeast-1-sg-0b6a1a57fb0b393e0;aws;ec2_securitygroup_allow_ingress_from_internet_to_tcp_port_elasticsearch_kibana_9200_9300_5601;Ensure no security groups allow ingress from 0.0.0.0/0 or ::/0 to Elasticsearch/Kibana ports.;Infrastructure Security;PASS;Security group terraform-20250924034142150400000002 (sg-0b6a1a57fb0b393e0) does not have Elasticsearch/Kibana ports 9200, 9300 and 5601 open to the Internet.;ec2;securitygroup;high;AwsEc2SecurityGroup;terraform-20250924034142150400000002;Name=Security Group Main | Environment=Development | Project=Network Hardened;Ensure no security groups allow ingress from 0.0.0.0/0 or ::/0 to Elasticsearch/Kibana ports.;If Security groups are not properly configured the attack surface is increased.;;Use a Zero Trust approach. Narrow ingress traffic as much as possible. Consider north-south as well as east-west traffic.;https://docs.aws.amazon.com/vpc/latest/userguide/VPC_SecurityGroups.html;;;;;MITRE-ATTACK: T1199, T1048, T1499, T1498, T1046 | AWS-Well-Architected-Framework-Security-Pillar: SEC05-BP03;internet-exposed;;;;;850960379897;;;;;;ap-southeast-1;sg-0b6a1a57fb0b393e0;arn:aws:ec2:ap-southeast-1:850960379897:security-group/sg-0b6a1a57fb0b393e0
2025-09-24T16:24:05.752789;prowler-aws-ec2_securitygroup_allow_ingress_from_internet_to_tcp_port_kafka_9092-850960379897-ap-southeast-1-sg-0c5fc65165567f9fc;aws;ec2_securitygroup_allow_ingress_from_internet_to_tcp_port_kafka_9092;Ensure no security groups allow ingress from 0.0.0.0/0 or ::/0 to Kafka port 9092.;Infrastructure Security;PASS;Security group default (sg-0c5fc65165567f9fc) does not have Kafka port 9092 open to the Internet.;ec2;securitygroup;high;AwsEc2SecurityGroup;default;Name=Default Security Group (do not use) | Project=Network Hardened | Environment=Development;Ensure no security groups allow ingress from 0.0.0.0/0 or ::/0 to Kafka port 9092.;If Security groups are not properly configured the attack surface is increased.;;Use a Zero Trust approach. Narrow ingress traffic as much as possible. Consider north-south as well as east-west traffic.;https://docs.aws.amazon.com/vpc/latest/userguide/VPC_SecurityGroups.html;;;;;MITRE-ATTACK: T1199, T1048, T1499, T1498, T1046 | AWS-Well-Architected-Framework-Security-Pillar: SEC05-BP03;internet-exposed;;;;;850960379897;;;;;;ap-southeast-1;sg-0c5fc65165567f9fc;arn:aws:ec2:ap-southeast-1:850960379897:security-group/sg-0c5fc65165567f9fc
2025-09-24T16:24:05.752789;prowler-aws-ec2_securitygroup_allow_ingress_from_internet_to_tcp_port_kafka_9092-850960379897-ap-southeast-1-sg-0b6a1a57fb0b393e0;aws;ec2_securitygroup_allow_ingress_from_internet_to_tcp_port_kafka_9092;Ensure no security groups allow ingress from 0.0.0.0/0 or ::/0 to Kafka port 9092.;Infrastructure Security;PASS;Security group terraform-20250924034142150400000002 (sg-0b6a1a57fb0b393e0) does not have Kafka port 9092 open to the Internet.;ec2;securitygroup;high;AwsEc2SecurityGroup;terraform-20250924034142150400000002;Name=Security Group Main | Environment=Development | Project=Network Hardened;Ensure no security groups allow ingress from 0.0.0.0/0 or ::/0 to Kafka port 9092.;If Security groups are not properly configured the attack surface is increased.;;Use a Zero Trust approach. Narrow ingress traffic as much as possible. Consider north-south as well as east-west traffic.;https://docs.aws.amazon.com/vpc/latest/userguide/VPC_SecurityGroups.html;;;;;MITRE-ATTACK: T1199, T1048, T1499, T1498, T1046 | AWS-Well-Architected-Framework-Security-Pillar: SEC05-BP03;internet-exposed;;;;;850960379897;;;;;;ap-southeast-1;sg-0b6a1a57fb0b393e0;arn:aws:ec2:ap-southeast-1:850960379897:security-group/sg-0b6a1a57fb0b393e0
2025-09-24T16:24:05.752789;prowler-aws-ec2_securitygroup_allow_ingress_from_internet_to_tcp_port_memcached_11211-850960379897-ap-southeast-1-sg-0c5fc65165567f9fc;aws;ec2_securitygroup_allow_ingress_from_internet_to_tcp_port_memcached_11211;Ensure no security groups allow ingress from 0.0.0.0/0 or ::/0 to Memcached port 11211.;Infrastructure Security;PASS;Security group default (sg-0c5fc65165567f9fc) does not have Memcached port 11211 open to the Internet.;ec2;securitygroup;high;AwsEc2SecurityGroup;default;Name=Default Security Group (do not use) | Project=Network Hardened | Environment=Development;Ensure no security groups allow ingress from 0.0.0.0/0 or ::/0 to Memcached port 11211.;If Security groups are not properly configured the attack surface is increased.;;Use a Zero Trust approach. Narrow ingress traffic as much as possible. Consider north-south as well as east-west traffic.;https://docs.aws.amazon.com/vpc/latest/userguide/VPC_SecurityGroups.html;;;;;MITRE-ATTACK: T1199, T1048, T1499, T1498, T1046 | AWS-Well-Architected-Framework-Security-Pillar: SEC05-BP03;internet-exposed;;;;;850960379897;;;;;;ap-southeast-1;sg-0c5fc65165567f9fc;arn:aws:ec2:ap-southeast-1:850960379897:security-group/sg-0c5fc65165567f9fc
2025-09-24T16:24:05.752789;prowler-aws-ec2_securitygroup_allow_ingress_from_internet_to_tcp_port_memcached_11211-850960379897-ap-southeast-1-sg-0b6a1a57fb0b393e0;aws;ec2_securitygroup_allow_ingress_from_internet_to_tcp_port_memcached_11211;Ensure no security groups allow ingress from 0.0.0.0/0 or ::/0 to Memcached port 11211.;Infrastructure Security;PASS;Security group terraform-20250924034142150400000002 (sg-0b6a1a57fb0b393e0) does not have Memcached port 11211 open to the Internet.;ec2;securitygroup;high;AwsEc2SecurityGroup;terraform-20250924034142150400000002;Name=Security Group Main | Environment=Development | Project=Network Hardened;Ensure no security groups allow ingress from 0.0.0.0/0 or ::/0 to Memcached port 11211.;If Security groups are not properly configured the attack surface is increased.;;Use a Zero Trust approach. Narrow ingress traffic as much as possible. Consider north-south as well as east-west traffic.;https://docs.aws.amazon.com/vpc/latest/userguide/VPC_SecurityGroups.html;;;;;MITRE-ATTACK: T1199, T1048, T1499, T1498, T1046 | AWS-Well-Architected-Framework-Security-Pillar: SEC05-BP03;internet-exposed;;;;;850960379897;;;;;;ap-southeast-1;sg-0b6a1a57fb0b393e0;arn:aws:ec2:ap-southeast-1:850960379897:security-group/sg-0b6a1a57fb0b393e0
2025-09-24T16:24:05.752789;prowler-aws-ec2_securitygroup_allow_ingress_from_internet_to_tcp_port_mysql_3306-850960379897-ap-southeast-1-sg-0c5fc65165567f9fc;aws;ec2_securitygroup_allow_ingress_from_internet_to_tcp_port_mysql_3306;Ensure no security groups allow ingress from 0.0.0.0/0 or ::/0 to MySQL port 3306.;Infrastructure Security;PASS;Security group default (sg-0c5fc65165567f9fc) does not have MySQL port 3306 open to the Internet.;ec2;securitygroups;high;AwsEc2SecurityGroup;default;Name=Default Security Group (do not use) | Project=Network Hardened | Environment=Development;Ensure no security groups allow ingress from 0.0.0.0/0 or ::/0 to MySQL port 3306.;If Security groups are not properly configured the attack surface is increased.;;Use a Zero Trust approach. Narrow ingress traffic as much as possible. Consider north-south as well as east-west traffic.;https://docs.aws.amazon.com/vpc/latest/userguide/VPC_SecurityGroups.html;;;;;MITRE-ATTACK: T1199, T1048, T1499, T1498, T1046 | AWS-Well-Architected-Framework-Security-Pillar: SEC05-BP03;internet-exposed;;;;;850960379897;;;;;;ap-southeast-1;sg-0c5fc65165567f9fc;arn:aws:ec2:ap-southeast-1:850960379897:security-group/sg-0c5fc65165567f9fc
2025-09-24T16:24:05.752789;prowler-aws-ec2_securitygroup_allow_ingress_from_internet_to_tcp_port_mysql_3306-850960379897-ap-southeast-1-sg-0b6a1a57fb0b393e0;aws;ec2_securitygroup_allow_ingress_from_internet_to_tcp_port_mysql_3306;Ensure no security groups allow ingress from 0.0.0.0/0 or ::/0 to MySQL port 3306.;Infrastructure Security;PASS;Security group terraform-20250924034142150400000002 (sg-0b6a1a57fb0b393e0) does not have MySQL port 3306 open to the Internet.;ec2;securitygroups;high;AwsEc2SecurityGroup;terraform-20250924034142150400000002;Name=Security Group Main | Environment=Development | Project=Network Hardened;Ensure no security groups allow ingress from 0.0.0.0/0 or ::/0 to MySQL port 3306.;If Security groups are not properly configured the attack surface is increased.;;Use a Zero Trust approach. Narrow ingress traffic as much as possible. Consider north-south as well as east-west traffic.;https://docs.aws.amazon.com/vpc/latest/userguide/VPC_SecurityGroups.html;;;;;MITRE-ATTACK: T1199, T1048, T1499, T1498, T1046 | AWS-Well-Architected-Framework-Security-Pillar: SEC05-BP03;internet-exposed;;;;;850960379897;;;;;;ap-southeast-1;sg-0b6a1a57fb0b393e0;arn:aws:ec2:ap-southeast-1:850960379897:security-group/sg-0b6a1a57fb0b393e0
2025-09-24T16:24:05.752789;prowler-aws-ec2_securitygroup_allow_ingress_from_internet_to_tcp_port_oracle_1521_2483-850960379897-ap-southeast-1-sg-0c5fc65165567f9fc;aws;ec2_securitygroup_allow_ingress_from_internet_to_tcp_port_oracle_1521_2483;Ensure no security groups allow ingress from 0.0.0.0/0 or ::/0 to Oracle ports 1521 or 2483.;Infrastructure Security;PASS;Security group default (sg-0c5fc65165567f9fc) does not have Oracle ports 1521 and 2483 open to the Internet.;ec2;securitygroup;high;AwsEc2SecurityGroup;default;Name=Default Security Group (do not use) | Project=Network Hardened | Environment=Development;Ensure no security groups allow ingress from 0.0.0.0/0 or ::/0 to Oracle ports 1521 or 2483.;If Security groups are not properly configured the attack surface is increased.;;Use a Zero Trust approach. Narrow ingress traffic as much as possible. Consider north-south as well as east-west traffic.;https://docs.aws.amazon.com/vpc/latest/userguide/VPC_SecurityGroups.html;;;;;MITRE-ATTACK: T1199, T1048, T1499, T1498, T1046 | AWS-Well-Architected-Framework-Security-Pillar: SEC05-BP03;internet-exposed;;;;;850960379897;;;;;;ap-southeast-1;sg-0c5fc65165567f9fc;arn:aws:ec2:ap-southeast-1:850960379897:security-group/sg-0c5fc65165567f9fc
2025-09-24T16:24:05.752789;prowler-aws-ec2_securitygroup_allow_ingress_from_internet_to_tcp_port_oracle_1521_2483-850960379897-ap-southeast-1-sg-0b6a1a57fb0b393e0;aws;ec2_securitygroup_allow_ingress_from_internet_to_tcp_port_oracle_1521_2483;Ensure no security groups allow ingress from 0.0.0.0/0 or ::/0 to Oracle ports 1521 or 2483.;Infrastructure Security;PASS;Security group terraform-20250924034142150400000002 (sg-0b6a1a57fb0b393e0) does not have Oracle ports 1521 and 2483 open to the Internet.;ec2;securitygroup;high;AwsEc2SecurityGroup;terraform-20250924034142150400000002;Name=Security Group Main | Environment=Development | Project=Network Hardened;Ensure no security groups allow ingress from 0.0.0.0/0 or ::/0 to Oracle ports 1521 or 2483.;If Security groups are not properly configured the attack surface is increased.;;Use a Zero Trust approach. Narrow ingress traffic as much as possible. Consider north-south as well as east-west traffic.;https://docs.aws.amazon.com/vpc/latest/userguide/VPC_SecurityGroups.html;;;;;MITRE-ATTACK: T1199, T1048, T1499, T1498, T1046 | AWS-Well-Architected-Framework-Security-Pillar: SEC05-BP03;internet-exposed;;;;;850960379897;;;;;;ap-southeast-1;sg-0b6a1a57fb0b393e0;arn:aws:ec2:ap-southeast-1:850960379897:security-group/sg-0b6a1a57fb0b393e0
2025-09-24T16:24:05.752789;prowler-aws-ec2_securitygroup_allow_ingress_from_internet_to_tcp_port_postgres_5432-850960379897-ap-southeast-1-sg-0c5fc65165567f9fc;aws;ec2_securitygroup_allow_ingress_from_internet_to_tcp_port_postgres_5432;Ensure no security groups allow ingress from 0.0.0.0/0 or ::/0 to Postgres port 5432.;Infrastructure Security;PASS;Security group default (sg-0c5fc65165567f9fc) does not have Postgres port 5432 open to the Internet.;ec2;securitygroup;high;AwsEc2SecurityGroup;default;Name=Default Security Group (do not use) | Project=Network Hardened | Environment=Development;Ensure no security groups allow ingress from 0.0.0.0/0 or ::/0 to Postgres port 5432.;If Security groups are not properly configured the attack surface is increased.;;Use a Zero Trust approach. Narrow ingress traffic as much as possible. Consider north-south as well as east-west traffic.;https://docs.aws.amazon.com/vpc/latest/userguide/VPC_SecurityGroups.html;;;;;MITRE-ATTACK: T1199, T1048, T1499, T1498, T1046 | AWS-Well-Architected-Framework-Security-Pillar: SEC05-BP03;internet-exposed;;;;;850960379897;;;;;;ap-southeast-1;sg-0c5fc65165567f9fc;arn:aws:ec2:ap-southeast-1:850960379897:security-group/sg-0c5fc65165567f9fc
2025-09-24T16:24:05.752789;prowler-aws-ec2_securitygroup_allow_ingress_from_internet_to_tcp_port_postgres_5432-850960379897-ap-southeast-1-sg-0b6a1a57fb0b393e0;aws;ec2_securitygroup_allow_ingress_from_internet_to_tcp_port_postgres_5432;Ensure no security groups allow ingress from 0.0.0.0/0 or ::/0 to Postgres port 5432.;Infrastructure Security;PASS;Security group terraform-20250924034142150400000002 (sg-0b6a1a57fb0b393e0) does not have Postgres port 5432 open to the Internet.;ec2;securitygroup;high;AwsEc2SecurityGroup;terraform-20250924034142150400000002;Name=Security Group Main | Environment=Development | Project=Network Hardened;Ensure no security groups allow ingress from 0.0.0.0/0 or ::/0 to Postgres port 5432.;If Security groups are not properly configured the attack surface is increased.;;Use a Zero Trust approach. Narrow ingress traffic as much as possible. Consider north-south as well as east-west traffic.;https://docs.aws.amazon.com/vpc/latest/userguide/VPC_SecurityGroups.html;;;;;MITRE-ATTACK: T1199, T1048, T1499, T1498, T1046 | AWS-Well-Architected-Framework-Security-Pillar: SEC05-BP03;internet-exposed;;;;;850960379897;;;;;;ap-southeast-1;sg-0b6a1a57fb0b393e0;arn:aws:ec2:ap-southeast-1:850960379897:security-group/sg-0b6a1a57fb0b393e0
2025-09-24T16:24:05.752789;prowler-aws-ec2_securitygroup_allow_ingress_from_internet_to_tcp_port_redis_6379-850960379897-ap-southeast-1-sg-0c5fc65165567f9fc;aws;ec2_securitygroup_allow_ingress_from_internet_to_tcp_port_redis_6379;Ensure no security groups allow ingress from 0.0.0.0/0 or ::/0 to Redis port 6379.;Infrastructure Security;PASS;Security group default (sg-0c5fc65165567f9fc) does not have Redis port 6379 open to the Internet.;ec2;securitygroup;high;AwsEc2SecurityGroup;default;Name=Default Security Group (do not use) | Project=Network Hardened | Environment=Development;Ensure no security groups allow ingress from 0.0.0.0/0 or ::/0 to Redis port 6379.;If Security groups are not properly configured the attack surface is increased.;;Use a Zero Trust approach. Narrow ingress traffic as much as possible. Consider north-south as well as east-west traffic.;https://docs.aws.amazon.com/vpc/latest/userguide/VPC_SecurityGroups.html;;;;;MITRE-ATTACK: T1199, T1048, T1499, T1498, T1046 | AWS-Well-Architected-Framework-Security-Pillar: SEC05-BP03;internet-exposed;;;;;850960379897;;;;;;ap-southeast-1;sg-0c5fc65165567f9fc;arn:aws:ec2:ap-southeast-1:850960379897:security-group/sg-0c5fc65165567f9fc
2025-09-24T16:24:05.752789;prowler-aws-ec2_securitygroup_allow_ingress_from_internet_to_tcp_port_redis_6379-850960379897-ap-southeast-1-sg-0b6a1a57fb0b393e0;aws;ec2_securitygroup_allow_ingress_from_internet_to_tcp_port_redis_6379;Ensure no security groups allow ingress from 0.0.0.0/0 or ::/0 to Redis port 6379.;Infrastructure Security;PASS;Security group terraform-20250924034142150400000002 (sg-0b6a1a57fb0b393e0) does not have Redis port 6379 open to the Internet.;ec2;securitygroup;high;AwsEc2SecurityGroup;terraform-20250924034142150400000002;Name=Security Group Main | Environment=Development | Project=Network Hardened;Ensure no security groups allow ingress from 0.0.0.0/0 or ::/0 to Redis port 6379.;If Security groups are not properly configured the attack surface is increased.;;Use a Zero Trust approach. Narrow ingress traffic as much as possible. Consider north-south as well as east-west traffic.;https://docs.aws.amazon.com/vpc/latest/userguide/VPC_SecurityGroups.html;;;;;MITRE-ATTACK: T1199, T1048, T1499, T1498, T1046 | AWS-Well-Architected-Framework-Security-Pillar: SEC05-BP03;internet-exposed;;;;;850960379897;;;;;;ap-southeast-1;sg-0b6a1a57fb0b393e0;arn:aws:ec2:ap-southeast-1:850960379897:security-group/sg-0b6a1a57fb0b393e0
2025-09-24T16:24:05.752789;prowler-aws-ec2_securitygroup_allow_ingress_from_internet_to_tcp_port_sql_server_1433_1434-850960379897-ap-southeast-1-sg-0c5fc65165567f9fc;aws;ec2_securitygroup_allow_ingress_from_internet_to_tcp_port_sql_server_1433_1434;Ensure no security groups allow ingress from 0.0.0.0/0 or ::/0 to Windows SQL Server ports 1433 or 1434.;Infrastructure Security;PASS;Security group default (sg-0c5fc65165567f9fc) does not have Microsoft SQL Server ports 1433 and 1434 open to the Internet.;ec2;securitygroup;high;AwsEc2SecurityGroup;default;Name=Default Security Group (do not use) | Project=Network Hardened | Environment=Development;Ensure no security groups allow ingress from 0.0.0.0/0 or ::/0 to Windows SQL Server ports 1433 or 1434.;If Security groups are not properly configured the attack surface is increased.;;Use a Zero Trust approach. Narrow ingress traffic as much as possible. Consider north-south as well as east-west traffic.;https://docs.aws.amazon.com/vpc/latest/userguide/VPC_SecurityGroups.html;;;;;MITRE-ATTACK: T1199, T1048, T1499, T1498, T1046 | AWS-Well-Architected-Framework-Security-Pillar: SEC05-BP03;internet-exposed;;;;;850960379897;;;;;;ap-southeast-1;sg-0c5fc65165567f9fc;arn:aws:ec2:ap-southeast-1:850960379897:security-group/sg-0c5fc65165567f9fc
2025-09-24T16:24:05.752789;prowler-aws-ec2_securitygroup_allow_ingress_from_internet_to_tcp_port_sql_server_1433_1434-850960379897-ap-southeast-1-sg-0b6a1a57fb0b393e0;aws;ec2_securitygroup_allow_ingress_from_internet_to_tcp_port_sql_server_1433_1434;Ensure no security groups allow ingress from 0.0.0.0/0 or ::/0 to Windows SQL Server ports 1433 or 1434.;Infrastructure Security;PASS;Security group terraform-20250924034142150400000002 (sg-0b6a1a57fb0b393e0) does not have Microsoft SQL Server ports 1433 and 1434 open to the Internet.;ec2;securitygroup;high;AwsEc2SecurityGroup;terraform-20250924034142150400000002;Name=Security Group Main | Environment=Development | Project=Network Hardened;Ensure no security groups allow ingress from 0.0.0.0/0 or ::/0 to Windows SQL Server ports 1433 or 1434.;If Security groups are not properly configured the attack surface is increased.;;Use a Zero Trust approach. Narrow ingress traffic as much as possible. Consider north-south as well as east-west traffic.;https://docs.aws.amazon.com/vpc/latest/userguide/VPC_SecurityGroups.html;;;;;MITRE-ATTACK: T1199, T1048, T1499, T1498, T1046 | AWS-Well-Architected-Framework-Security-Pillar: SEC05-BP03;internet-exposed;;;;;850960379897;;;;;;ap-southeast-1;sg-0b6a1a57fb0b393e0;arn:aws:ec2:ap-southeast-1:850960379897:security-group/sg-0b6a1a57fb0b393e0
2025-09-24T16:24:05.752789;prowler-aws-ec2_securitygroup_allow_ingress_from_internet_to_tcp_port_telnet_23-850960379897-ap-southeast-1-sg-0c5fc65165567f9fc;aws;ec2_securitygroup_allow_ingress_from_internet_to_tcp_port_telnet_23;Ensure no security groups allow ingress from 0.0.0.0/0 or ::/0 to Telnet port 23.;Infrastructure Security;PASS;Security group default (sg-0c5fc65165567f9fc) does not have Telnet port 23 open to the Internet.;ec2;securitygroup;high;AwsEc2SecurityGroup;default;Name=Default Security Group (do not use) | Project=Network Hardened | Environment=Development;Ensure no security groups allow ingress from 0.0.0.0/0 or ::/0 to Telnet port 23.;If Security groups are not properly configured the attack surface is increased.;;Use a Zero Trust approach. Narrow ingress traffic as much as possible. Consider north-south as well as east-west traffic.;https://docs.aws.amazon.com/vpc/latest/userguide/VPC_SecurityGroups.html;;;;;MITRE-ATTACK: T1199, T1048, T1499, T1498, T1046 | AWS-Well-Architected-Framework-Security-Pillar: SEC05-BP03;internet-exposed;;;;;850960379897;;;;;;ap-southeast-1;sg-0c5fc65165567f9fc;arn:aws:ec2:ap-southeast-1:850960379897:security-group/sg-0c5fc65165567f9fc
2025-09-24T16:24:05.752789;prowler-aws-ec2_securitygroup_allow_ingress_from_internet_to_tcp_port_telnet_23-850960379897-ap-southeast-1-sg-0b6a1a57fb0b393e0;aws;ec2_securitygroup_allow_ingress_from_internet_to_tcp_port_telnet_23;Ensure no security groups allow ingress from 0.0.0.0/0 or ::/0 to Telnet port 23.;Infrastructure Security;PASS;Security group terraform-20250924034142150400000002 (sg-0b6a1a57fb0b393e0) does not have Telnet port 23 open to the Internet.;ec2;securitygroup;high;AwsEc2SecurityGroup;terraform-20250924034142150400000002;Name=Security Group Main | Environment=Development | Project=Network Hardened;Ensure no security groups allow ingress from 0.0.0.0/0 or ::/0 to Telnet port 23.;If Security groups are not properly configured the attack surface is increased.;;Use a Zero Trust approach. Narrow ingress traffic as much as possible. Consider north-south as well as east-west traffic.;https://docs.aws.amazon.com/vpc/latest/userguide/VPC_SecurityGroups.html;;;;;MITRE-ATTACK: T1199, T1048, T1499, T1498, T1046 | AWS-Well-Architected-Framework-Security-Pillar: SEC05-BP03;internet-exposed;;;;;850960379897;;;;;;ap-southeast-1;sg-0b6a1a57fb0b393e0;arn:aws:ec2:ap-southeast-1:850960379897:security-group/sg-0b6a1a57fb0b393e0
2025-09-24T16:24:05.752789;prowler-aws-ec2_securitygroup_allow_wide_open_public_ipv4-850960379897-ap-southeast-1-sg-0c5fc65165567f9fc;aws;ec2_securitygroup_allow_wide_open_public_ipv4;Ensure no security groups allow ingress from wide-open non-RFC1918 address.;Infrastructure Security;PASS;Security group default (sg-0c5fc65165567f9fc) has no potential wide-open non-RFC1918 address.;ec2;securitygroup;high;AwsEc2SecurityGroup;default;Name=Default Security Group (do not use) | Project=Network Hardened | Environment=Development;Ensure no security groups allow ingress from wide-open non-RFC1918 address.;If Security groups are not properly configured the attack surface is increased.;;Use a Zero Trust approach. Narrow ingress traffic as much as possible. Consider north-south as well as east-west traffic.;https://docs.aws.amazon.com/vpc/latest/userguide/VPC_SecurityGroups.html;;;;;AWS-Well-Architected-Framework-Security-Pillar: SEC03-BP07;internet-exposed;;;;;850960379897;;;;;;ap-southeast-1;sg-0c5fc65165567f9fc;arn:aws:ec2:ap-southeast-1:850960379897:security-group/sg-0c5fc65165567f9fc
2025-09-24T16:24:05.752789;prowler-aws-ec2_securitygroup_allow_wide_open_public_ipv4-850960379897-ap-southeast-1-sg-0b6a1a57fb0b393e0;aws;ec2_securitygroup_allow_wide_open_public_ipv4;Ensure no security groups allow ingress from wide-open non-RFC1918 address.;Infrastructure Security;PASS;Security group terraform-20250924034142150400000002 (sg-0b6a1a57fb0b393e0) has no potential wide-open non-RFC1918 address.;ec2;securitygroup;high;AwsEc2SecurityGroup;terraform-20250924034142150400000002;Name=Security Group Main | Environment=Development | Project=Network Hardened;Ensure no security groups allow ingress from wide-open non-RFC1918 address.;If Security groups are not properly configured the attack surface is increased.;;Use a Zero Trust approach. Narrow ingress traffic as much as possible. Consider north-south as well as east-west traffic.;https://docs.aws.amazon.com/vpc/latest/userguide/VPC_SecurityGroups.html;;;;;AWS-Well-Architected-Framework-Security-Pillar: SEC03-BP07;internet-exposed;;;;;850960379897;;;;;;ap-southeast-1;sg-0b6a1a57fb0b393e0;arn:aws:ec2:ap-southeast-1:850960379897:security-group/sg-0b6a1a57fb0b393e0
2025-09-24T16:24:05.752789;prowler-aws-ec2_securitygroup_default_restrict_traffic-850960379897-ap-southeast-1-sg-0c5fc65165567f9fc;aws;ec2_securitygroup_default_restrict_traffic;Ensure the default security group of every VPC restricts all traffic.;Infrastructure Security;PASS;Default Security Group (sg-0c5fc65165567f9fc) rules do not allow traffic.;ec2;securitygroup;high;AwsEc2SecurityGroup;default;Name=Default Security Group (do not use) | Project=Network Hardened | Environment=Development;Ensure the default security group of every VPC restricts all traffic.;Even having a perimeter firewall, having security groups open allows any user or malware with vpc access to scan for well known and sensitive ports and gain access to instance.;;Apply Zero Trust approach. Implement a process to scan and remediate unrestricted or overly permissive security groups. Recommended best practices is to narrow the definition for the minimum ports required.;https://docs.aws.amazon.com/eks/latest/userguide/sec-group-reqs.html;;https://docs.bridgecrew.io/docs/networking_4#terraform;;https://docs.bridgecrew.io/docs/networking_4#aws-console;CISA: your-systems-3, your-data-2 | CIS-1.4: 5.3 | CIS-1.5: 5.4 | AWS-Foundational-Security-Best-Practices: ec2 | ISO27001-2013: A.12.6, A.13.1 | CIS-2.0: 5.4 | GxP-21-CFR-Part-11: 11.10-d, 11.10-g, 11.10-k | AWS-Well-Architected-Framework-Security-Pillar: SEC05-BP03 | NIST-800-171-Revision-2: 3_1_1, 3_1_2, 3_1_3, 3_1_14, 3_1_20, 3_4_6, 3_4_7, 3_13_2, 3_13_5 | NIST-800-53-Revision-4: ac_4, sc_7_3, sc_7 | NIST-800-53-Revision-5: ac_4_21, ac_17_b, ac_17_1, ac_17_4_a, ac_17_9, ac_17_10, cm_6_a, cm_9_b, sc_7_5, sc_7_7, sc_7_11, sc_7_12, sc_7_16, sc_7_21, sc_7_24_b, sc_7_25, sc_7_26, sc_7_27, sc_7_28, sc_7_a, sc_7_c | ENS-RD2022: mp.com.1.aws.sg.1 | NIST-CSF-1.1: ae_1, ac_3, ac_5 | RBI-Cyber-Security-Framework: annex_i_5_1 | FFIEC: d3-pc-im-b-1, d3-pc-im-b-2, d3-pc-im-b-6, d4-c-co-b-2 | PCI-3.2.1: ec2 | FedRamp-Moderate-Revision-4: ac-4, ac-17-1, ac-21-b, cm-2, sc-4, sc-7-3, sc-7 | FedRAMP-Low-Revision-4: ac-17, cm-2, sc-7;;;;;;850960379897;;;;;;ap-southeast-1;sg-0c5fc65165567f9fc;arn:aws:ec2:ap-southeast-1:850960379897:security-group/sg-0c5fc65165567f9fc
2025-09-24T16:24:05.752789;prowler-aws-ec2_securitygroup_from_launch_wizard-850960379897-ap-southeast-1-sg-0c5fc65165567f9fc;aws;ec2_securitygroup_from_launch_wizard;Security Groups created by EC2 Launch Wizard.;Infrastructure Security;PASS;Security group default (sg-0c5fc65165567f9fc) was not created using the EC2 Launch Wizard.;ec2;securitygroup;medium;AwsEc2SecurityGroup;default;Name=Default Security Group (do not use) | Project=Network Hardened | Environment=Development;Security Groups created by EC2 Launch Wizard.;Security Groups Created on the AWS Console using the EC2 wizard may allow port 22 from 0.0.0.0/0.;;Apply Zero Trust approach. Implement a process to scan and remediate security groups created by the EC2 Wizard. Recommended best practices is to use an authorized security group.;https://docs.aws.amazon.com/eks/latest/userguide/sec-group-reqs.html;;;;https://www.trendmicro.com/cloudoneconformity/knowledge-base/aws/EC2/security-group-prefixed-with-launch-wizard.html;AWS-Well-Architected-Framework-Security-Pillar: SEC05-BP03 | ENS-RD2022: mp.com.1.aws.sg.1;;;;;;850960379897;;;;;;ap-southeast-1;sg-0c5fc65165567f9fc;arn:aws:ec2:ap-southeast-1:850960379897:security-group/sg-0c5fc65165567f9fc
2025-09-24T16:24:05.752789;prowler-aws-ec2_securitygroup_from_launch_wizard-850960379897-ap-southeast-1-sg-0b6a1a57fb0b393e0;aws;ec2_securitygroup_from_launch_wizard;Security Groups created by EC2 Launch Wizard.;Infrastructure Security;PASS;Security group terraform-20250924034142150400000002 (sg-0b6a1a57fb0b393e0) was not created using the EC2 Launch Wizard.;ec2;securitygroup;medium;AwsEc2SecurityGroup;terraform-20250924034142150400000002;Name=Security Group Main | Environment=Development | Project=Network Hardened;Security Groups created by EC2 Launch Wizard.;Security Groups Created on the AWS Console using the EC2 wizard may allow port 22 from 0.0.0.0/0.;;Apply Zero Trust approach. Implement a process to scan and remediate security groups created by the EC2 Wizard. Recommended best practices is to use an authorized security group.;https://docs.aws.amazon.com/eks/latest/userguide/sec-group-reqs.html;;;;https://www.trendmicro.com/cloudoneconformity/knowledge-base/aws/EC2/security-group-prefixed-with-launch-wizard.html;AWS-Well-Architected-Framework-Security-Pillar: SEC05-BP03 | ENS-RD2022: mp.com.1.aws.sg.1;;;;;;850960379897;;;;;;ap-southeast-1;sg-0b6a1a57fb0b393e0;arn:aws:ec2:ap-southeast-1:850960379897:security-group/sg-0b6a1a57fb0b393e0
2025-09-24T16:24:05.752789;prowler-aws-ec2_securitygroup_not_used-850960379897-ap-southeast-1-sg-0b6a1a57fb0b393e0;aws;ec2_securitygroup_not_used;Ensure there are no Security Groups not being used.;Infrastructure Security;PASS;Security group terraform-20250924034142150400000002 (sg-0b6a1a57fb0b393e0) it is being used.;ec2;securitygroup;low;AwsEc2SecurityGroup;terraform-20250924034142150400000002;Name=Security Group Main | Environment=Development | Project=Network Hardened;Ensure there are no Security Groups not being used.;Having clear definition and scope for Security Groups creates a better administration environment.;;List all the security groups and then use the cli to check if they are attached to an instance.;https://aws.amazon.com/premiumsupport/knowledge-center/ec2-find-security-group-resources/;;;;;AWS-Foundational-Security-Best-Practices: ec2 | AWS-Well-Architected-Framework-Security-Pillar: SEC05-BP03 | ENS-RD2022: mp.com.1.aws.sg.3;;;;;;850960379897;;;;;;ap-southeast-1;sg-0b6a1a57fb0b393e0;arn:aws:ec2:ap-southeast-1:850960379897:security-group/sg-0b6a1a57fb0b393e0
2025-09-24T16:24:05.752789;prowler-aws-ec2_securitygroup_with_many_ingress_egress_rules-850960379897-ap-southeast-1-sg-0c5fc65165567f9fc;aws;ec2_securitygroup_with_many_ingress_egress_rules;Find security groups with more than 50 ingress or egress rules.;Infrastructure Security;PASS;Security group default (sg-0c5fc65165567f9fc) has 0 inbound rules and 0 outbound rules.;ec2;securitygroup;high;AwsEc2SecurityGroup;default;Name=Default Security Group (do not use) | Project=Network Hardened | Environment=Development;Find security groups with more than 50 ingress or egress rules.;If Security groups are not properly configured the attack surface is increased.;;Use a Zero Trust approach. Narrow ingress traffic as much as possible. Consider north-south as well as east-west traffic.;https://docs.aws.amazon.com/vpc/latest/userguide/VPC_SecurityGroups.html;;;;;AWS-Well-Architected-Framework-Security-Pillar: SEC05-BP03;;;;;;850960379897;;;;;;ap-southeast-1;sg-0c5fc65165567f9fc;arn:aws:ec2:ap-southeast-1:850960379897:security-group/sg-0c5fc65165567f9fc
2025-09-24T16:24:05.752789;prowler-aws-ec2_securitygroup_with_many_ingress_egress_rules-850960379897-ap-southeast-1-sg-0b6a1a57fb0b393e0;aws;ec2_securitygroup_with_many_ingress_egress_rules;Find security groups with more than 50 ingress or egress rules.;Infrastructure Security;PASS;Security group terraform-20250924034142150400000002 (sg-0b6a1a57fb0b393e0) has 1 inbound rules and 1 outbound rules.;ec2;securitygroup;high;AwsEc2SecurityGroup;terraform-20250924034142150400000002;Name=Security Group Main | Environment=Development | Project=Network Hardened;Find security groups with more than 50 ingress or egress rules.;If Security groups are not properly configured the attack surface is increased.;;Use a Zero Trust approach. Narrow ingress traffic as much as possible. Consider north-south as well as east-west traffic.;https://docs.aws.amazon.com/vpc/latest/userguide/VPC_SecurityGroups.html;;;;;AWS-Well-Architected-Framework-Security-Pillar: SEC05-BP03;;;;;;850960379897;;;;;;ap-southeast-1;sg-0b6a1a57fb0b393e0;arn:aws:ec2:ap-southeast-1:850960379897:security-group/sg-0b6a1a57fb0b393e0
2025-09-24T16:24:05.752789;prowler-aws-vpc_different_regions-850960379897-ap-southeast-1-850960379897;aws;vpc_different_regions;Ensure there are VPCs in more than one region;Infrastructure Security;FAIL;VPCs found only in one region.;vpc;subnet;medium;AwsEc2Vpc;;;Ensure there are VPCs in more than one region;;https://docs.aws.amazon.com/vpc/latest/userguide/VPC_Scenario2.html;Ensure there are VPCs in more than one region;https://docs.aws.amazon.com/vpc/latest/userguide/vpc-example-private-subnets-nat.html;;;aws ec2 create-vpc;;;;;;;;850960379897;;;;;;ap-southeast-1;850960379897;arn:aws:iam::850960379897:root
2025-09-24T16:24:05.752789;prowler-aws-vpc_flow_logs_enabled-850960379897-ap-southeast-1-vpc-0773d65b3202ab18b;aws;vpc_flow_logs_enabled;Ensure VPC Flow Logging is Enabled in all VPCs.;Logging and Monitoring;FAIL;VPC VPC Main Flow logs are disabled.;vpc;flow_log;medium;AwsEc2Vpc;;Project=Network Hardened | Environment=Development | Name=VPC Main;Ensure VPC Flow Logging is Enabled in all VPCs.;VPC Flow Logs provide visibility into network traffic that traverses the VPC and can be used to detect anomalous traffic or insight during security workflows.;;It is recommended that VPC Flow Logs be enabled for packet Rejects for VPCs.;http://docs.aws.amazon.com/AmazonVPC/latest/UserGuide/flow-logs.html;;https://docs.bridgecrew.io/docs/logging_9-enable-vpc-flow-logging#terraform;;https://docs.bridgecrew.io/docs/logging_9-enable-vpc-flow-logging#aws-console;CISA: your_-urroundings-1, your-data-2 | SOC2: cc_7_2, cc_7_3 | CIS-1.4: 3.9 | CIS-1.5: 3.9 | GDPR: article_25, article_30 | AWS-Foundational-Security-Best-Practices: ec2 | ISO27001-2013: A.12.4 | HIPAA: 164_308_a_1_ii_d, 164_308_a_3_ii_a, 164_308_a_6_ii, 164_312_b, 164_312_c_2 | CIS-2.0: 3.9 | GxP-21-CFR-Part-11: 11.10-e | AWS-Well-Architected-Framework-Security-Pillar: SEC04-BP01, SEC04-BP02, SEC04-BP03, SEC05-BP04, SEC09-BP04 | NIST-800-171-Revision-2: 3_3_1, 3_3_3, 3_6_1, 3_6_2, 3_13_1, 3_14_6, 3_14_7 | NIST-800-53-Revision-4: au_2, au_3, au_12 | NIST-800-53-Revision-5: ac_4_26, au_2_b, au_3_a, au_3_b, au_3_c, au_3_d, au_3_e, au_6_3, au_6_4, au_6_6, au_6_9, au_8_b, au_12_a, au_12_c, au_12_1, au_12_2, au_12_3, au_12_4, au_14_a, au_14_b, au_14_3, ca_7_b, cm_5_1_b, cm_6_a, cm_9_b, ia_3_3_b, ma_4_1_a, pm_14_a_1, pm_14_b, pm_31, si_4_17, si_7_8 | ENS-RD2022: op.mon.1.aws.flow.1 | NIST-CSF-1.1: ae_1, ae_3, cm_1, cm_7, am_3, ds_5, pt_1 | RBI-Cyber-Security-Framework: annex_i_7_4 | FFIEC: d2-ma-ma-b-1, d2-ma-ma-b-2, d3-dc-an-b-3, d3-dc-an-b-4, d3-dc-ev-b-1, d3-dc-ev-b-3, d3-pc-im-b-3 | PCI-3.2.1: ec2 | FedRamp-Moderate-Revision-4: au-2-a-d, au-3, au-6-1-3, au-12-a-c | FedRAMP-Low-Revision-4: au-2;forensics-ready;;;;;850960379897;;;;;;ap-southeast-1;vpc-0773d65b3202ab18b;arn:aws:ec2:ap-southeast-1:850960379897:vpc/vpc-0773d65b3202ab18b
2025-09-24T16:24:05.752789;prowler-aws-vpc_subnet_different_az-850960379897-ap-southeast-1-vpc-0773d65b3202ab18b;aws;vpc_subnet_different_az;Ensure all VPC has subnets in more than one availability zone;Infrastructure Security;FAIL;VPC VPC Main has only subnets in ap-southeast-1a.;vpc;subnet;medium;AwsEc2Vpc;;Project=Network Hardened | Environment=Development | Name=VPC Main;Ensure all VPC has subnets in more than one availability zone;;https://docs.aws.amazon.com/vpc/latest/userguide/configure-subnets.html;Ensure all VPC has subnets in more than one availability zone;https://docs.aws.amazon.com/vpc/latest/userguide/configure-subnets.html;;;aws ec2 create-subnet;;ENS-RD2022: mp.com.4.r3.aws.vpc.1;;;;;;850960379897;;;;;;ap-southeast-1;vpc-0773d65b3202ab18b;arn:aws:ec2:ap-southeast-1:850960379897:vpc/vpc-0773d65b3202ab18b
2025-09-24T16:24:05.752789;prowler-aws-vpc_subnet_no_public_ip_by_default-850960379897-ap-southeast-1-subnet-04838fb39ff31b6ac;aws;vpc_subnet_no_public_ip_by_default;Ensure VPC subnets do not assign public IP by default;Infrastructure Security;PASS;VPC subnet Subnet Public Main does NOT assign public IP by default.;vpc;subnet;medium;AwsEc2Subnet;;Environment=Development | Project=Network Hardened | Name=Subnet Public Main;Ensure VPC subnets do not assign public IP by default;VPC subnet is a part of the VPC having its own rules for traffic. Assigning the Public IP to the subnet automatically (on launch) can accidentally expose the instances within this subnet to internet and should be edited to 'No' post creation of the Subnet.;https://docs.aws.amazon.com/config/latest/developerguide/subnet-auto-assign-public-ip-disabled.html;VPC subnets should not allow automatic public IP assignment;https://docs.aws.amazon.com/config/latest/developerguide/subnet-auto-assign-public-ip-disabled.html;;https://docs.bridgecrew.io/docs/ensure-vpc-subnets-do-not-assign-public-ip-by-default#terraform;;;;;;;;;850960379897;;;;;;ap-southeast-1;subnet-04838fb39ff31b6ac;arn:aws:ec2:ap-southeast-1:850960379897:subnet/subnet-04838fb39ff31b6ac
2025-09-24T16:24:05.752789;prowler-aws-vpc_subnet_separate_private_public-850960379897-ap-southeast-1-vpc-0773d65b3202ab18b;aws;vpc_subnet_separate_private_public;Ensure all VPC has public and private subnets defined;Infrastructure Security;FAIL;VPC VPC Main has only public subnets.;vpc;subnet;medium;AwsEc2Vpc;;Project=Network Hardened | Environment=Development | Name=VPC Main;Ensure all VPC has public and private subnets defined;;https://docs.aws.amazon.com/vpc/latest/userguide/VPC_Scenario2.html;Ensure all VPC has public and private subnets defined;https://docs.aws.amazon.com/vpc/latest/userguide/VPC_Scenario2.html;;;aws ec2 create-subnet;;ENS-RD2022: mp.com.4.aws.vpc.1, mp.com.4.r1.aws.vpc.1;;;;;;850960379897;;;;;;ap-southeast-1;vpc-0773d65b3202ab18b;arn:aws:ec2:ap-southeast-1:850960379897:vpc/vpc-0773d65b3202ab18b
